{"cameraMode":{"drawMode":0,"name":"Shaded","section":"Shading Mode"},"sceneLighting":false,"audioPlay":false,"sceneViewState":{"showFog":true,"showMaterialUpdate":false,"showSkybox":true,"showFlares":true,"showImageEffects":true,"showParticleSystems":true},"in2DMode":false,"pivot":{"x":-0.670020580291748,"y":0.4684600830078125,"z":0.23070716857910157},"rotation":{"x":-0.08369752764701843,"y":-0.4903344213962555,"z":0.04737371578812599,"w":-0.8662117123603821},"size":4.167760372161865,"orthographic":false}