{"cameraMode":{"drawMode":0,"name":"Shaded","section":"Shading Mode"},"sceneLighting":false,"audioPlay":false,"sceneViewState":{"showFog":true,"showMaterialUpdate":false,"showSkybox":true,"showFlares":true,"showImageEffects":true,"showParticleSystems":true},"in2DMode":false,"pivot":{"x":1.9600000381469727,"y":1.2799999713897706,"z":-6.230000019073486},"rotation":{"x":0.24113988876342774,"y":-0.6865999698638916,"z":0.26104047894477847,"w":0.6342633962631226},"size":4.041658401489258,"orthographic":false}