{"cameraMode":{"drawMode":0,"name":"Shaded","section":"Shading Mode"},"sceneLighting":false,"audioPlay":false,"sceneViewState":{"showFog":true,"showMaterialUpdate":false,"showSkybox":true,"showFlares":true,"showImageEffects":true,"showParticleSystems":true},"in2DMode":false,"pivot":{"x":0.6738371849060059,"y":1.2037873268127442,"z":-0.4480276107788086},"rotation":{"x":0.15565942227840424,"y":-0.8425406217575073,"z":0.33341357111930849,"w":0.3933584988117218},"size":6.958361625671387,"orthographic":false}