{"cameraMode":{"drawMode":0,"name":"Shaded","section":"Shading Mode"},"sceneLighting":false,"audioPlay":false,"sceneViewState":{"showFog":true,"showMaterialUpdate":false,"showSkybox":true,"showFlares":true,"showImageEffects":true,"showParticleSystems":true},"in2DMode":false,"pivot":{"x":-0.6805286407470703,"y":0.5986328125,"z":1.8489266633987427},"rotation":{"x":0.24113988876342774,"y":-0.6865999698638916,"z":0.26104047894477847,"w":0.6342633962631226},"size":7.989081859588623,"orthographic":false}