{"cameraMode":{"drawMode":0,"name":"Shaded","section":"Shading Mode"},"sceneLighting":true,"audioPlay":false,"sceneViewState":{"showFog":true,"showMaterialUpdate":false,"showSkybox":true,"showFlares":true,"showImageEffects":true,"showParticleSystems":true},"in2DMode":false,"pivot":{"x":19.3641414642334,"y":6.911011219024658,"z":17.112037658691408},"rotation":{"x":0.22204293310642243,"y":-0.7138598561286926,"z":0.25922927260398867,"w":0.6114746332168579},"size":9.328133583068848,"orthographic":false}