{"cameraMode":{"drawMode":0,"name":"Shaded","section":"Shading Mode"},"sceneLighting":false,"audioPlay":false,"sceneViewState":{"showFog":true,"showMaterialUpdate":false,"showSkybox":true,"showFlares":true,"showImageEffects":true,"showParticleSystems":true},"in2DMode":false,"pivot":{"x":2.571345329284668,"y":0.02815723419189453,"z":-3.379824638366699},"rotation":{"x":-0.27624666690826418,"y":-0.42447495460510256,"z":0.13775674998760224,"w":-0.8511943817138672},"size":22.0,"orthographic":false}