{"cameraMode":{"drawMode":0,"name":"Shaded","section":"Shading Mode"},"sceneLighting":false,"audioPlay":false,"sceneViewState":{"showFog":true,"showMaterialUpdate":false,"showSkybox":true,"showFlares":true,"showImageEffects":true,"showParticleSystems":true},"in2DMode":false,"pivot":{"x":-1.1323678493499756,"y":0.3371058702468872,"z":-1.7103471755981446},"rotation":{"x":0.23062287271022798,"y":-0.4781948924064636,"z":0.13174483180046082,"w":0.8371297121047974},"size":2.8578836917877199,"orthographic":false}