{"cameraMode":{"drawMode":0,"name":"Shaded","section":"Shading Mode"},"sceneLighting":false,"audioPlay":false,"sceneViewState":{"showFog":true,"showMaterialUpdate":false,"showSkybox":true,"showFlares":true,"showImageEffects":true,"showParticleSystems":true},"in2DMode":false,"pivot":{"x":1.0124380588531495,"y":0.8459307551383972,"z":1.1400392055511475},"rotation":{"x":0.13706567883491517,"y":-0.6547772288322449,"z":0.12242154031991959,"w":0.7331390380859375},"size":6.5135393142700199,"orthographic":false}