{"cameraMode":{"drawMode":0,"name":"Shaded","section":"Shading Mode"},"sceneLighting":false,"audioPlay":false,"sceneViewState":{"showFog":true,"showMaterialUpdate":false,"showSkybox":true,"showFlares":true,"showImageEffects":true,"showParticleSystems":true},"in2DMode":false,"pivot":{"x":-0.15160131454467774,"y":-0.4071502089500427,"z":-0.13970839977264405},"rotation":{"x":-0.20804795622825623,"y":-0.48081716895103457,"z":0.11859001964330673,"w":-0.8434852361679077},"size":2.8578836917877199,"orthographic":false}