{"cameraMode":{"drawMode":0,"name":"Shaded","section":"Shading Mode"},"sceneLighting":false,"audioPlay":false,"sceneViewState":{"showFog":true,"showMaterialUpdate":false,"showSkybox":true,"showFlares":true,"showImageEffects":true,"showParticleSystems":true},"in2DMode":false,"pivot":{"x":15.619274139404297,"y":-3.5421674251556398,"z":34.932098388671878},"rotation":{"x":-0.27624666690826418,"y":-0.42447495460510256,"z":0.13775674998760224,"w":-0.8511943817138672},"size":4.468541622161865,"orthographic":false}