{"cameraMode":{"drawMode":0,"name":"Shaded","section":"Shading Mode"},"sceneLighting":false,"audioPlay":false,"sceneViewState":{"showFog":true,"showMaterialUpdate":false,"showSkybox":true,"showFlares":true,"showImageEffects":true,"showParticleSystems":true},"in2DMode":false,"pivot":{"x":0.01834726333618164,"y":0.041438400745391849,"z":0.3633550703525543},"rotation":{"x":0.22204293310642243,"y":-0.7138598561286926,"z":0.25922927260398867,"w":0.6114746332168579},"size":1.635826587677002,"orthographic":false}