{"cameraMode":{"drawMode":0,"name":"Shaded","section":"Shading Mode"},"sceneLighting":false,"audioPlay":false,"sceneViewState":{"showFog":true,"showMaterialUpdate":false,"showSkybox":true,"showFlares":true,"showImageEffects":true,"showParticleSystems":true},"in2DMode":false,"pivot":{"x":-0.02767634391784668,"y":-0.00030086934566497803,"z":-0.11241704225540161},"rotation":{"x":0.21162359416484834,"y":-0.7759984135627747,"z":0.33434998989105227,"w":0.49117422103881838},"size":2.5533335208892824,"orthographic":false}