{"cameraMode":{"drawMode":0,"name":"Shaded","section":"Shading Mode"},"sceneLighting":false,"audioPlay":false,"sceneViewState":{"showFog":true,"showMaterialUpdate":false,"showSkybox":true,"showFlares":true,"showImageEffects":true,"showParticleSystems":true},"in2DMode":false,"pivot":{"x":0.5476769804954529,"y":-0.036975644528865817,"z":-0.39906275272369387},"rotation":{"x":-0.27624666690826418,"y":-0.42447495460510256,"z":0.13775674998760224,"w":-0.8511943817138672},"size":2.3135666847229006,"orthographic":false}