{"cameraMode":{"drawMode":0,"name":"Shaded","section":"Shading Mode"},"sceneLighting":false,"audioPlay":false,"sceneViewState":{"showFog":true,"showMaterialUpdate":false,"showSkybox":true,"showFlares":true,"showImageEffects":true,"showParticleSystems":true},"in2DMode":false,"pivot":{"x":25.082454681396486,"y":0.9249213933944702,"z":21.39045524597168},"rotation":{"x":0.1739884465932846,"y":0.3909274637699127,"z":-0.07551321387290955,"w":0.9006672501564026},"size":2.253779411315918,"orthographic":false}