{"cameraMode":{"drawMode":0,"name":"Shaded","section":"Shading Mode"},"sceneLighting":false,"audioPlay":false,"sceneViewState":{"showFog":true,"showMaterialUpdate":false,"showSkybox":true,"showFlares":true,"showImageEffects":true,"showParticleSystems":true},"in2DMode":false,"pivot":{"x":34.92997741699219,"y":2.296360969543457,"z":28.68805503845215},"rotation":{"x":0.17158105969429017,"y":-0.7868096232414246,"z":0.2514556646347046,"w":0.5368990302085877},"size":8.985672950744629,"orthographic":false}