{"cameraMode":{"drawMode":0,"name":"Shaded","section":"Shading Mode"},"sceneLighting":false,"audioPlay":false,"sceneViewState":{"showFog":true,"showMaterialUpdate":false,"showSkybox":true,"showFlares":true,"showImageEffects":true,"showParticleSystems":true},"in2DMode":false,"pivot":{"x":1.2597026824951172,"y":0.18988442420959474,"z":-0.2959897518157959},"rotation":{"x":0.2930644452571869,"y":0.2417719066143036,"z":-0.07686204463243485,"w":0.9218198657035828},"size":8.401334762573243,"orthographic":false}