{"cameraMode":{"drawMode":0,"name":"Shaded","section":"Shading Mode"},"sceneLighting":false,"audioPlay":false,"sceneViewState":{"showFog":true,"showMaterialUpdate":false,"showSkybox":true,"showFlares":true,"showImageEffects":true,"showParticleSystems":true},"in2DMode":false,"pivot":{"x":-1.1850216388702393,"y":0.8634966611862183,"z":0.4044090509414673},"rotation":{"x":0.0808030366897583,"y":0.8749896883964539,"z":-0.15680424869060517,"w":0.45086178183555605},"size":1.0578839778900147,"orthographic":false}