{"cameraMode":{"drawMode":0,"name":"Shaded","section":"Shading Mode"},"sceneLighting":true,"audioPlay":false,"sceneViewState":{"showFog":true,"showMaterialUpdate":false,"showSkybox":true,"showFlares":true,"showImageEffects":true,"showParticleSystems":true},"in2DMode":false,"pivot":{"x":571.0,"y":285.4596862792969,"z":13.554954528808594},"rotation":{"x":-0.15994518995285035,"y":-0.8296194672584534,"z":0.4433840811252594,"w":-0.2992652356624603},"size":2107.245849609375,"orthographic":false}