{"cameraMode":{"drawMode":0,"name":"Shaded","section":"Shading Mode"},"sceneLighting":false,"audioPlay":false,"sceneViewState":{"showFog":true,"showMaterialUpdate":false,"showSkybox":true,"showFlares":true,"showImageEffects":true,"showParticleSystems":true},"in2DMode":false,"pivot":{"x":22.229999542236329,"y":2.5399999618530275,"z":30.290000915527345},"rotation":{"x":-0.13480128347873689,"y":0.8212454915046692,"z":-0.21699382364749909,"w":-0.5101943612098694},"size":8.139806747436524,"orthographic":false}