{"cameraMode":{"drawMode":0,"name":"Shaded","section":"Shading Mode"},"sceneLighting":false,"audioPlay":false,"sceneViewState":{"showFog":true,"showMaterialUpdate":false,"showSkybox":true,"showFlares":true,"showImageEffects":true,"showParticleSystems":true},"in2DMode":false,"pivot":{"x":0.375568151473999,"y":1.132057785987854,"z":0.3818073272705078},"rotation":{"x":0.03790000081062317,"y":-0.9620066285133362,"z":0.1978292614221573,"w":0.18431060016155244},"size":3.255262613296509,"orthographic":false}