{"cameraMode":{"drawMode":0,"name":"Shaded","section":"Shading Mode"},"sceneLighting":true,"audioPlay":false,"sceneViewState":{"showFog":true,"showMaterialUpdate":false,"showSkybox":true,"showFlares":true,"showImageEffects":true,"showParticleSystems":true},"in2DMode":false,"pivot":{"x":19.48042869567871,"y":-0.8850598335266113,"z":25.714412689208986},"rotation":{"x":0.225412517786026,"y":-0.5843919515609741,"z":0.17332924902439118,"w":0.7600212693214417},"size":12.527664184570313,"orthographic":false}