{"cameraMode":{"drawMode":0,"name":"Shaded","section":"Shading Mode"},"sceneLighting":false,"audioPlay":false,"sceneViewState":{"showFog":true,"showMaterialUpdate":false,"showSkybox":true,"showFlares":true,"showImageEffects":true,"showParticleSystems":true},"in2DMode":false,"pivot":{"x":0.0,"y":-4.470348358154297e-8,"z":0.3894325792789459},"rotation":{"x":0.21564126014709474,"y":-0.3305599093437195,"z":0.07786550372838974,"w":0.9155141115188599},"size":1.3590232133865357,"orthographic":false}