{"cameraMode":{"drawMode":0,"name":"Shaded","section":"Shading Mode"},"sceneLighting":false,"audioPlay":false,"sceneViewState":{"showFog":true,"showMaterialUpdate":false,"showSkybox":true,"showFlares":true,"showImageEffects":true,"showParticleSystems":true},"in2DMode":false,"pivot":{"x":-1.4964728355407715,"y":2.1025876998901369,"z":-4.76746940612793},"rotation":{"x":0.24113988876342774,"y":-0.6865999698638916,"z":0.26104047894477847,"w":0.6342633962631226},"size":6.916175842285156,"orthographic":false}